0A8C25E6-55F6-4569-8406-B1E9BCDDD936#appfire#select e from SessionData e where e.systemInfo.activeStatus=1 and e.appSessionId=:appSessionId and e.sessionKey =:sessionKey#appfire#1#appfire##appfire#findBySessionKey#appfire#FINDBYSESSIONKEY#appfire##appfire#WD0JFHO6YIBEWUERIEJNDQ#appfire#1#appfire#0#appfire#2016-03-16 17:50:49.0#appfire#0#appfire#2016-03-16 17:50:49.0#appfire#0#appfire#1#appfire##appfire#0#appfire##appfirenewline#1A0D607E-4651-497B-9D5C-0D6C351C8BAE#appfire#delete from SessionData e where e.systemInfo.activeStatus=1 and e.appSessionId=:appSessionId#appfire#1#appfire##appfire#deleteAllSessionData#appfire#DELETEALLSESSIONDATA#appfire##appfire#WD0JFHO6YIBEWUERIEJNDQ#appfire#1#appfire#0#appfire#2016-03-16 17:50:49.0#appfire#0#appfire#2016-03-16 17:50:49.0#appfire#0#appfire#1#appfire##appfire#0#appfire##appfirenewline#1F02C0CC-73EA-4858-AC92-4695C46352AC#appfire#SELECT salesRegion.regionname FROM SalesRegion AS salesRegion,UserAccess AS userAccess 
 WHERE 
  userAccess.region = salesRegion.regioncode 
 AND userAccess.userId = :userId 
 
 
 #appfire#2#appfire#{"where":[{},{"_connIndex":"b74401n1-m570-40dd-0b07-479a8na3949b","_parentIndex":"isWhereRoot","left":{"name":"region","value":"userAccess.region","valueType":1,"dataType":"VARCHAR","displayName":"Region","widget":"combo","alias":"UserAccess","placeHolder":"region","fieldType":"isReference","entConfig":{"name":"UserAccess","id":"90AC6E78-DA33-4448-BA49-4FB6CCF7F761","type":"M","alias":"userAccess","initParentAlias":"userAccess"},"fieldConfig":{"fieldName":"region","name":"region","initParentAlias":"userAccess","alias":"userAccess.region","displayName":"Region","fieldType":"java.lang.String","dataType":"VARCHAR","xtype":"combo","fieldSize":"64","isPKey":false}},"operator":"=","right":{"name":"regioncode","value":"salesRegion.regioncode","valueType":1,"dataType":"VARCHAR","displayName":"Region code","widget":"textfield","alias":"SalesRegion","placeHolder":"regioncode","fieldType":"isReference","entConfig":{"name":"SalesRegion","id":"C593EA7D-4C1B-45E7-8CC6-EA7AA5DB73D2","type":"M","alias":"salesRegion","initParentAlias":"salesRegion"},"fieldConfig":{"fieldName":"regioncode","name":"regioncode","initParentAlias":"salesRegion","alias":"salesRegion.regioncode","displayName":"Region code","fieldType":"java.lang.String","dataType":"VARCHAR","xtype":"textfield","fieldSize":"64","isPKey":true}}},{"relation":"AND"},{"_connIndex":"113d8d4b-21a7-4706-1c78-6ca0a584m230","_parentIndex":"isWhereRoot","left":{"name":"userId","value":"userAccess.userId","valueType":1,"dataType":"VARCHAR","displayName":"User","widget":"combo","alias":"UserAccess","placeHolder":"userId","fieldType":"isReference","entConfig":{"name":"UserAccess","id":"90AC6E78-DA33-4448-BA49-4FB6CCF7F761","type":"M","alias":"userAccess","initParentAlias":"userAccess"},"fieldConfig":{"fieldName":"userId","name":"userId","initParentAlias":"userAccess","alias":"userAccess.userId","displayName":"User","fieldType":"java.lang.String","dataType":"VARCHAR","xtype":"combo","fieldSize":"64","isPKey":false}},"operator":"=","right":{"name":"userId","value":":userId","valueType":2,"dataType":"VARCHAR","displayName":"User","widget":"combo","alias":"UserAccess","placeHolder":"userId","fieldType":"isDynamic","entConfig":{"name":"UserAccess","id":"90AC6E78-DA33-4448-BA49-4FB6CCF7F761","type":"M","alias":"userAccess","initParentAlias":"userAccess"},"fieldConfig":{"fieldName":"userId","name":"userId","initParentAlias":"userAccess","alias":"userAccess.userId","displayName":"User","fieldType":"java.lang.String","dataType":"VARCHAR","xtype":"combo","fieldSize":"64","isPKey":false},"sessionInput":true,"attributeName":"userId","attributeDatatype":"java.lang.String"}}],"fields":[{"fieldName":"regionname","name":"regionname","initParentAlias":"salesRegion","alias":"salesRegion.regionname","displayName":"Region name","fieldType":"java.lang.String","dataType":"VARCHAR","xtype":"textfield","fieldSize":"64","isPKey":false}],"inputParams":[{"dataType":"VARCHAR","placeHolder":"userId","alias":"userAccess.userId","fieldType":"java.lang.String","sessionInput":true,"attributeName":"userId","attributeDatatype":"java.lang.String"}],"joinCondition":[]}#appfire#UserQuery#appfire#USERQUERY#appfire#ba9dced8-453e-49a3-b627-d497a1f91b17#appfire#WD0JFHO6YIBEWUERIEJNDQ#appfire#1#appfire#0#appfire#2016-03-16 17:50:49.0#appfire#0#appfire#2016-03-16 17:50:49.0#appfire#0#appfire#1#appfire##appfire#1#appfire##appfirenewline#594C6B07-65C9-4A5B-98A1-5BD610D580D0#appfire#SELECT u FROM Login u WHERE u.systemInfo.activeStatus=1 AND u.user.userId IN (SELECT ub.userId FROM UserRoleBridge ub)#appfire#1#appfire##appfire#findMappedUser#appfire#FINDMAPPEDUSER#appfire#ba9dced8-453e-49a3-b627-d497a1f91b17#appfire#WD0JFHO6YIBEWUERIEJNDQ#appfire#1#appfire#0#appfire#2016-03-16 17:50:49.0#appfire#0#appfire#2016-03-16 17:50:49.0#appfire#0#appfire#1#appfire##appfire#0#appfire##appfirenewline#67D4007C-415A-40EE-B17E-AEEA07DC0DF3#appfire#select e from SessionData e where e.systemInfo.activeStatus=1 and e.appSessionId=:appSessionId#appfire#1#appfire##appfire#SessionData.findByAppSessionId#appfire#SESSIONDATA.FINDBYAPPSESSIONID#appfire##appfire#WD0JFHO6YIBEWUERIEJNDQ#appfire#1#appfire#0#appfire#2016-03-16 17:50:49.0#appfire#0#appfire#2016-03-16 17:50:49.0#appfire#0#appfire#1#appfire##appfire#0#appfire##appfirenewline#7F08CFB5-832D-41D0-94DA-3AE89F4085E3#appfire#SELECT channel.channel,category.category,brand.branddesc,material.materialdesc,salesRegion.regionname,distributor.distributorname,distributor.longitude,distributor.lattitude,salesData.entityAudit.updatedDate,salesData.salesdate,salesData.salesyear,salesData.salesinvoicenbr,salesData.salesqty,salesData.netsalesamt,salesData.grosssalesamt,currentMonth.monthname,currentMonth.monthid,retailer.retailername FROM Channel AS channel,Category AS category,Brand AS brand,Material AS material,SalesRegion AS salesRegion,Distributor AS distributor,SalesData AS salesData,CurrentMonth AS currentMonth,Retailer AS retailer 
 WHERE 
  salesRegion.regioncode = distributor.regioncode 
 AND distributor.distributorcode = retailer.distributorcode 
 AND category.categoryId = brand.categoryId 
 AND retailer.retailercode = salesData.reatilercode 
 AND brand.brandcode = material.brandcode 
 AND channel.channelId = salesData.channelId 
 AND currentMonth.monthid = salesData.salesmonth 
 AND category.categoryId = salesData.category 
 AND material.materialcode = salesData.materialcode 
 
 
 ORDER BY  currentMonth.monthid#appfire#2#appfire#{"where":[{"_connIndex":"304c3n5n-7m05-400n-0bd5-772cca213240","_parentIndex":"isWhereRoot","left":{"name":"regioncode","value":"salesRegion.regioncode","valueType":1,"dataType":"VARCHAR","displayName":"Region code","widget":"textfield","alias":"SalesRegion","placeHolder":"regioncode","fieldType":"isReference","entConfig":{"name":"SalesRegion","id":"C593EA7D-4C1B-45E7-8CC6-EA7AA5DB73D2","type":"M","alias":"salesRegion","initParentAlias":"salesRegion"},"fieldConfig":{"fieldName":"regioncode","name":"regioncode","initParentAlias":"salesRegion","alias":"salesRegion.regioncode","displayName":"Region code","fieldType":"java.lang.String","dataType":"VARCHAR","xtype":"textfield","fieldSize":"64","isPKey":true}},"operator":"=","right":{"name":"regioncode","value":"distributor.regioncode","valueType":1,"dataType":"VARCHAR","displayName":"Region code","widget":"combo","alias":"Distributor","placeHolder":"regioncode","fieldType":"isReference","entConfig":{"name":"Distributor","id":"FBF615DA-DCFE-40AC-B731-603E51A72C94","type":"M","alias":"distributor","initParentAlias":"distributor"},"fieldConfig":{"fieldName":"regioncode","name":"regioncode","initParentAlias":"distributor","alias":"distributor.regioncode","displayName":"Region code","fieldType":"java.lang.String","dataType":"VARCHAR","xtype":"combo","fieldSize":"64","isPKey":false}}},{"relation":"AND"},{"_connIndex":"828m91n5-2d39-4736-1413-7mn1bma24n72","_parentIndex":"isWhereRoot","left":{"name":"distributorcode","value":"distributor.distributorcode","valueType":1,"dataType":"VARCHAR","displayName":"Distributor code","widget":"textfield","alias":"Distributor","placeHolder":"distributorcode","fieldType":"isReference","entConfig":{"name":"Distributor","id":"FBF615DA-DCFE-40AC-B731-603E51A72C94","type":"M","alias":"distributor","initParentAlias":"distributor"},"fieldConfig":{"fieldName":"distributorcode","name":"distributorcode","initParentAlias":"distributor","alias":"distributor.distributorcode","displayName":"Distributor code","fieldType":"java.lang.String","dataType":"VARCHAR","xtype":"textfield","fieldSize":"64","isPKey":true}},"operator":"=","right":{"name":"distributorcode","value":"retailer.distributorcode","valueType":1,"dataType":"VARCHAR","displayName":"Distributor code","widget":"combo","alias":"Retailer","placeHolder":"distributorcode","fieldType":"isReference","entConfig":{"name":"Retailer","id":"63F8898C-05B6-46DF-9F83-6BAE80444113","type":"M","alias":"retailer","initParentAlias":"retailer"},"fieldConfig":{"fieldName":"distributorcode","name":"distributorcode","initParentAlias":"retailer","alias":"retailer.distributorcode","displayName":"Distributor code","fieldType":"java.lang.String","dataType":"VARCHAR","xtype":"combo","fieldSize":"64","isPKey":false}}},{"relation":"AND"},{"_connIndex":"0d0bc5mm-a110-4m51-13b6-04b02036cn11","_parentIndex":"isWhereRoot","left":{"name":"categoryId","value":"category.categoryId","valueType":1,"dataType":"VARCHAR","displayName":"Category Id","widget":"textfield","alias":"Category","placeHolder":"categoryId","fieldType":"isReference","entConfig":{"name":"Category","id":"0822FAF5-CEC9-4391-A803-55CBEEB4A9B2","type":"M","alias":"category","initParentAlias":"category"},"fieldConfig":{"fieldName":"categoryId","name":"categoryId","initParentAlias":"category","alias":"category.categoryId","displayName":"Category Id","fieldType":"java.lang.String","dataType":"VARCHAR","xtype":"textfield","fieldSize":"64","isPKey":true}},"operator":"=","right":{"name":"categoryId","value":"brand.categoryId","valueType":1,"dataType":"VARCHAR","displayName":"Category Id","widget":"combo","alias":"Brand","placeHolder":"categoryId","fieldType":"isReference","entConfig":{"name":"Brand","id":"5A19D172-7FD6-4832-AD35-325FC3B0688A","type":"M","alias":"brand","initParentAlias":"brand"},"fieldConfig":{"fieldName":"categoryId","name":"categoryId","initParentAlias":"brand","alias":"brand.categoryId","displayName":"Category Id","fieldType":"java.lang.String","dataType":"VARCHAR","xtype":"combo","fieldSize":"64","isPKey":false}}},{"relation":"AND"},{"_connIndex":"6c324160-dmab-4m7d-19m2-5b1am17m9d67","_parentIndex":"isWhereRoot","left":{"name":"retailercode","value":"retailer.retailercode","valueType":1,"dataType":"VARCHAR","displayName":"Retailer code","widget":"textfield","alias":"Retailer","placeHolder":"retailercode","fieldType":"isReference","entConfig":{"name":"Retailer","id":"63F8898C-05B6-46DF-9F83-6BAE80444113","type":"M","alias":"retailer","initParentAlias":"retailer"},"fieldConfig":{"fieldName":"retailercode","name":"retailercode","initParentAlias":"retailer","alias":"retailer.retailercode","displayName":"Retailer code","fieldType":"java.lang.String","dataType":"VARCHAR","xtype":"textfield","fieldSize":"256","isPKey":true}},"operator":"=","right":{"name":"reatilercode","value":"salesData.reatilercode","valueType":1,"dataType":"VARCHAR","displayName":"Retailer code","widget":"combo","alias":"SalesData","placeHolder":"reatilercode","fieldType":"isReference","entConfig":{"name":"SalesData","id":"3F6A872C-7225-403B-BC19-7A2225C13341","type":"T","alias":"salesData","initParentAlias":"salesData"},"fieldConfig":{"fieldName":"reatilercode","name":"reatilercode","initParentAlias":"salesData","alias":"salesData.reatilercode","displayName":"Retailer code","fieldType":"java.lang.String","dataType":"VARCHAR","xtype":"combo","fieldSize":"64","isPKey":false}}},{"relation":"AND"},{"_connIndex":"acmb70dm-1d52-4341-1da4-73672m1db896","_parentIndex":"isWhereRoot","left":{"name":"brandcode","value":"brand.brandcode","valueType":1,"dataType":"VARCHAR","displayName":"Brand Code","widget":"textfield","alias":"Brand","placeHolder":"brandcode","fieldType":"isReference","entConfig":{"name":"Brand","id":"5A19D172-7FD6-4832-AD35-325FC3B0688A","type":"M","alias":"brand","initParentAlias":"brand"},"fieldConfig":{"fieldName":"brandcode","name":"brandcode","initParentAlias":"brand","alias":"brand.brandcode","displayName":"Brand Code","fieldType":"java.lang.String","dataType":"VARCHAR","xtype":"textfield","fieldSize":"64","isPKey":true}},"operator":"=","right":{"name":"brandcode","value":"material.brandcode","valueType":1,"dataType":"VARCHAR","displayName":"Brand code","widget":"combo","alias":"Material","placeHolder":"brandcode","fieldType":"isReference","entConfig":{"name":"Material","id":"9FF7C17B-1581-421A-A1CC-BFFA1314E2FD","type":"M","alias":"material","initParentAlias":"material"},"fieldConfig":{"fieldName":"brandcode","name":"brandcode","initParentAlias":"material","alias":"material.brandcode","displayName":"Brand code","fieldType":"java.lang.String","dataType":"VARCHAR","xtype":"combo","fieldSize":"64","isPKey":false}}},{"relation":"AND"},{"_connIndex":"d8377130-790n-49m9-ba1n-1975bnb1cncn","_parentIndex":"isWhereRoot","left":{"name":"channelId","value":"channel.channelId","valueType":1,"dataType":"VARCHAR","displayName":"Channel Id","widget":"textfield","alias":"Channel","placeHolder":"channelId","fieldType":"isReference","entConfig":{"name":"Channel","id":"1DB23DCD-EDF4-4DBD-A393-9B7AAFDB3448","type":"M","alias":"channel","initParentAlias":"channel"},"fieldConfig":{"fieldName":"channelId","name":"channelId","initParentAlias":"channel","alias":"channel.channelId","displayName":"Channel Id","fieldType":"java.lang.String","dataType":"VARCHAR","xtype":"textfield","fieldSize":"64","isPKey":true}},"operator":"=","right":{"name":"channelId","value":"salesData.channelId","valueType":1,"dataType":"VARCHAR","displayName":"Channel","widget":"combo","alias":"SalesData","placeHolder":"channelId","fieldType":"isReference","entConfig":{"name":"SalesData","id":"3F6A872C-7225-403B-BC19-7A2225C13341","type":"T","alias":"salesData","initParentAlias":"salesData"},"fieldConfig":{"fieldName":"channelId","name":"channelId","initParentAlias":"salesData","alias":"salesData.channelId","displayName":"Channel","fieldType":"java.lang.String","dataType":"VARCHAR","xtype":"combo","fieldSize":"64","isPKey":false}}},{"relation":"AND"},{"_connIndex":"424b4da3-0ndc-4453-18d1-721d3m060c20","_parentIndex":"isWhereRoot","left":{"name":"monthid","value":"currentMonth.monthid","valueType":1,"dataType":"INT","displayName":"monthid","widget":"numberfield","alias":"CurrentMonth","placeHolder":"monthid","fieldType":"isReference","entConfig":{"name":"CurrentMonth","id":"AB986971-C796-4720-BB06-CCCCDBDAD7C2","type":"M","alias":"currentMonth","initParentAlias":"currentMonth"},"fieldConfig":{"fieldName":"monthid","name":"monthid","initParentAlias":"currentMonth","alias":"currentMonth.monthid","displayName":"monthid","fieldType":"java.lang.Integer","dataType":"INT","xtype":"numberfield","fieldSize":"10","isPKey":true}},"operator":"=","right":{"name":"salesmonth","value":"salesData.salesmonth","valueType":1,"dataType":"INT","displayName":"Sales month","widget":"numberfield","alias":"SalesData","placeHolder":"salesmonth","fieldType":"isReference","entConfig":{"name":"SalesData","id":"3F6A872C-7225-403B-BC19-7A2225C13341","type":"T","alias":"salesData","initParentAlias":"salesData"},"fieldConfig":{"fieldName":"salesmonth","name":"salesmonth","initParentAlias":"salesData","alias":"salesData.salesmonth","displayName":"Sales month","fieldType":"java.lang.Integer","dataType":"INT","xtype":"numberfield","fieldSize":"10","isPKey":false}}},{"relation":"AND"},{"_connIndex":"244n66mb-09d3-4979-a889-78a53512n8c3","_parentIndex":"isWhereRoot","left":{"name":"categoryId","value":"category.categoryId","valueType":1,"dataType":"VARCHAR","displayName":"Category Id","widget":"textfield","alias":"Category","placeHolder":"categoryId","fieldType":"isReference","entConfig":{"name":"Category","id":"0822FAF5-CEC9-4391-A803-55CBEEB4A9B2","type":"M","alias":"category","initParentAlias":"category"},"fieldConfig":{"fieldName":"categoryId","name":"categoryId","initParentAlias":"category","alias":"category.categoryId","displayName":"Category Id","fieldType":"java.lang.String","dataType":"VARCHAR","xtype":"textfield","fieldSize":"64","isPKey":true}},"operator":"=","right":{"name":"category","value":"salesData.category","valueType":1,"dataType":"VARCHAR","displayName":"Category","widget":"combo","alias":"SalesData","placeHolder":"category","fieldType":"isReference","entConfig":{"name":"SalesData","id":"3F6A872C-7225-403B-BC19-7A2225C13341","type":"T","alias":"salesData","initParentAlias":"salesData"},"fieldConfig":{"fieldName":"category","name":"category","initParentAlias":"salesData","alias":"salesData.category","displayName":"Category","fieldType":"java.lang.String","dataType":"VARCHAR","xtype":"combo","fieldSize":"64","isPKey":false}}},{"relation":"AND"},{"_connIndex":"448caa14-n1m7-4655-baan-cab80n177m20","_parentIndex":"isWhereRoot","left":{"name":"materialcode","value":"material.materialcode","valueType":1,"dataType":"VARCHAR","displayName":"Material Code","widget":"textfield","alias":"Material","placeHolder":"materialcode","fieldType":"isReference","entConfig":{"name":"Material","id":"9FF7C17B-1581-421A-A1CC-BFFA1314E2FD","type":"M","alias":"material","initParentAlias":"material"},"fieldConfig":{"fieldName":"materialcode","name":"materialcode","initParentAlias":"material","alias":"material.materialcode","displayName":"Material Code","fieldType":"java.lang.String","dataType":"VARCHAR","xtype":"textfield","fieldSize":"64","isPKey":true}},"operator":"=","right":{"name":"materialcode","value":"salesData.materialcode","valueType":1,"dataType":"VARCHAR","displayName":"Material code","widget":"combo","alias":"SalesData","placeHolder":"materialcode","fieldType":"isReference","entConfig":{"name":"SalesData","id":"3F6A872C-7225-403B-BC19-7A2225C13341","type":"T","alias":"salesData","initParentAlias":"salesData"},"fieldConfig":{"fieldName":"materialcode","name":"materialcode","initParentAlias":"salesData","alias":"salesData.materialcode","displayName":"Material code","fieldType":"java.lang.String","dataType":"VARCHAR","xtype":"combo","fieldSize":"64","isPKey":false}}}],"fields":[{"fieldName":"channel","name":"channel","initParentAlias":"channel","alias":"channel.channel","displayName":"channel","fieldType":"java.lang.String","dataType":"VARCHAR","xtype":"textfield","fieldSize":"64","isPKey":false},{"fieldName":"category","name":"category","initParentAlias":"category","alias":"category.category","displayName":"Category","fieldType":"java.lang.String","dataType":"VARCHAR","xtype":"textfield","fieldSize":"64","isPKey":false},{"fieldName":"branddesc","name":"branddesc","initParentAlias":"brand","alias":"brand.branddesc","displayName":"Brand desc","fieldType":"java.lang.String","dataType":"VARCHAR","xtype":"textfield","fieldSize":"64","isPKey":false},{"fieldName":"materialdesc","name":"materialdesc","initParentAlias":"material","alias":"material.materialdesc","displayName":"Material desc","fieldType":"java.lang.String","dataType":"VARCHAR","xtype":"textfield","fieldSize":"64","isPKey":false},{"fieldName":"regionname","name":"regionname","initParentAlias":"salesRegion","alias":"salesRegion.regionname","displayName":"Region name","fieldType":"java.lang.String","dataType":"VARCHAR","xtype":"textfield","fieldSize":"64","isPKey":false},{"fieldName":"distributorname","name":"distributorname","initParentAlias":"distributor","alias":"distributor.distributorname","displayName":"Distributor name","fieldType":"java.lang.String","dataType":"VARCHAR","xtype":"textfield","fieldSize":"64","isPKey":false},{"fieldName":"longitude","name":"longitude","initParentAlias":"distributor","alias":"distributor.longitude","displayName":"Longitude","fieldType":"java.lang.Double","dataType":"DOUBLE","xtype":"numberfield","fieldSize":"10,2","isPKey":false},{"fieldName":"lattitude","name":"lattitude","initParentAlias":"distributor","alias":"distributor.lattitude","displayName":"Latitude","fieldType":"java.lang.Double","dataType":"DOUBLE","xtype":"numberfield","fieldSize":"10,2","isPKey":false},{"fieldName":"updatedDate","name":"updatedDate","initParentAlias":"salesData","alias":"salesData.entityAudit.updatedDate","displayName":"updatedDate","fieldType":"java.sql.Timestamp","dataType":"DATETIME","xtype":"datefield","fieldSize":"","isPKey":false},{"fieldName":"salesdate","name":"salesdate","initParentAlias":"salesData","alias":"salesData.salesdate","displayName":"Sales date","fieldType":"java.sql.Date","dataType":"DATE","xtype":"datefield","fieldSize":"","isPKey":false},{"fieldName":"salesyear","name":"salesyear","initParentAlias":"salesData","alias":"salesData.salesyear","displayName":"Sales year","fieldType":"java.lang.Integer","dataType":"INT","xtype":"numberfield","fieldSize":"10","isPKey":false},{"fieldName":"salesinvoicenbr","name":"salesinvoicenbr","initParentAlias":"salesData","alias":"salesData.salesinvoicenbr","displayName":"Sales invoice nbr","fieldType":"java.lang.String","dataType":"VARCHAR","xtype":"textfield","fieldSize":"64","isPKey":false},{"fieldName":"salesqty","name":"salesqty","initParentAlias":"salesData","alias":"salesData.salesqty","displayName":"Sales qty","fieldType":"java.lang.Double","dataType":"DOUBLE","xtype":"numberfield","fieldSize":"10,2","isPKey":false},{"fieldName":"netsalesamt","name":"netsalesamt","initParentAlias":"salesData","alias":"salesData.netsalesamt","displayName":"Net sales amt","fieldType":"java.lang.Double","dataType":"DOUBLE","xtype":"numberfield","fieldSize":"10,2","isPKey":false},{"fieldName":"grosssalesamt","name":"grosssalesamt","initParentAlias":"salesData","alias":"salesData.grosssalesamt","displayName":"Gross sales amt","fieldType":"java.lang.Double","dataType":"DOUBLE","xtype":"numberfield","fieldSize":"10,2","isPKey":false},{"fieldName":"monthname","name":"monthname","initParentAlias":"currentMonth","alias":"currentMonth.monthname","displayName":"Month name","fieldType":"java.lang.String","dataType":"VARCHAR","xtype":"textfield","fieldSize":"64","isPKey":false},{"fieldName":"monthid","name":"monthid","initParentAlias":"currentMonth","alias":"currentMonth.monthid","displayName":"monthid","fieldType":"java.lang.Integer","dataType":"INT","xtype":"numberfield","fieldSize":"10","isPKey":true},{"fieldName":"retailername","name":"retailername","initParentAlias":"retailer","alias":"retailer.retailername","displayName":"Retailer name","fieldType":"java.lang.String","dataType":"VARCHAR","xtype":"textfield","fieldSize":"256","isPKey":false}],"inputParams":[],"joinCondition":[]}#appfire#Sales Detail#appfire#SALES DETAIL#appfire#ba9dced8-453e-49a3-b627-d497a1f91b17#appfire#WD0JFHO6YIBEWUERIEJNDQ#appfire#1#appfire#0#appfire#2016-03-16 17:50:49.0#appfire#0#appfire#2016-03-16 17:50:49.0#appfire#0#appfire#1#appfire##appfire#1#appfire##appfirenewline#93155359-E2F8-47E9-914B-08F999507670#appfire#SELECT zenHealth.monitorId,zenHealth.scheduledDateTime,zenHealth.serverInstanceId,zenHealth.serverIpAddress,zenHealth.totalClass,zenHealth.classLoaded, zenHealth.classUnloaded,zenHealth.gcCollectionTime,zenHealth.gcMemoryName, ((zenHealth.nonHeapCommitted/1024)/1024) AS nonHeapCommitted, (zenHealth.nonHeapUsed/1024)/1024 AS nonHeapUsed, (zenHealth.heapCommitted/1024)/1024 AS heapCommitted, (zenHealth.maxMemory/1024)/1024 AS maxMemory , 100 - ((zenHealth.usedMemory/zenHealth.totalMemory) * 100) AS freeMemory, (zenHealth.heapUsed/1024)/1024 AS heapUsed, (zenHealth.totalMemory/1024)/1024 AS totalMemory, zenHealth.startTime, zenHealth.upTime,zenHealth.cpuTime, (zenHealth.freePhysicalSize/1024)/1024 AS freePhysicalSize, (zenHealth.totalPhysicalMemorySize/1024)/1024 AS totalPhysicalMemorySize, zenHealth.cpuLoadTime, FUNCTION('ROUND',(zenHealth.freeSwapSize/1024)/1024) AS freeSwapSize, zenHealth.systemLoadAverage, FUNCTION('ROUND',(zenHealth.totalSwapSize/1024)/1024) AS totalSwapSize, zenHealth.availableProcessor,zenHealth.totalThread, zenHealth.threadPeakCount,zenHealth.threadStartedCount,zenHealth.threadDaemonCount,zenHealth.threadCpuTime, zenHealth.threadUserTime,zenHealth.cpuLoad, (zenHealth.usedMemory/zenHealth.totalMemory) * 100 AS usedMemory, (zenHealth.usedSwapSize/1024)/1024 AS usedSwapSize, (zenHealth.usedPhysicalMemory /1024)/1024 AS usedPhysicalMemory FROM ZenHealth AS zenHealth ORDER BY zenHealth.scheduledDateTime DESC#appfire#2#appfire#{"where":[],"fields":[{"fieldName":"monitorId","name":"monitorId","initParentAlias":"zenHealth","alias":"zenHealth.monitorId","displayName":"monitorId","fieldType":"java.lang.String","dataType":"VARCHAR","xtype":"numberfield","fieldSize":"11","isPKey":true},{"fieldName":"scheduledDateTime","name":"scheduledDateTime","initParentAlias":"zenHealth","alias":"zenHealth.scheduledDateTime","displayName":"scheduledDateTime","fieldType":"java.sql.Timestamp","dataType":"DATETIME","xtype":"datefield","fieldSize":"","isPKey":false},{"fieldName":"serverInstanceId","name":"serverInstanceId","initParentAlias":"zenHealth","alias":"zenHealth.serverInstanceId","displayName":"serverInstanceId","fieldType":"java.lang.Integer","dataType":"INT","xtype":"numberfield","fieldSize":"32","isPKey":false},{"fieldName":"serverIpAddress","name":"serverIpAddress","initParentAlias":"zenHealth","alias":"zenHealth.serverIpAddress","displayName":"serverIpAddress","fieldType":"java.lang.String","dataType":"VARCHAR","xtype":"textfield","fieldSize":"3","isPKey":false},{"fieldName":"totalClass","name":"totalClass","initParentAlias":"zenHealth","alias":"zenHealth.totalClass","displayName":"totalClass","fieldType":"java.lang.Integer","dataType":"INT","xtype":"textfield","fieldSize":"11","isPKey":false},{"fieldName":"classLoaded","name":"classLoaded","initParentAlias":"zenHealth","alias":"zenHealth.classLoaded","displayName":"classLoaded","fieldType":"java.lang.Integer","dataType":"INT","xtype":"textfield","fieldSize":"11","isPKey":false},{"fieldName":"classUnloaded","name":"classUnloaded","initParentAlias":"zenHealth","alias":"zenHealth.classUnloaded","displayName":"classUnloaded","fieldType":"java.lang.Integer","dataType":"INT","xtype":"combo","fieldSize":"11","isPKey":false},{"fieldName":"gcCollectionTime","name":"gcCollectionTime","initParentAlias":"zenHealth","alias":"zenHealth.gcCollectionTime","displayName":"gcCollectionTime","fieldType":"java.lang.Integer","dataType":"INT","xtype":"numberfield","fieldSize":"11","isPKey":false},{"fieldName":"gcMemoryName","name":"gcMemoryName","initParentAlias":"zenHealth","alias":"zenHealth.gcMemoryName","displayName":"gcMemoryName","fieldType":"java.lang.String","dataType":"VARCHAR","xtype":"textfield","fieldSize":"256","isPKey":false},{"fieldName":"nonHeapCommitted","name":"nonHeapCommitted","initParentAlias":"zenHealth","alias":"zenHealth.nonHeapCommitted","displayName":"nonHeapCommitted","fieldType":"java.lang.Double","dataType":"DOUBLE","xtype":"numberfield","fieldSize":"","isPKey":false},{"fieldName":"nonHeapUsed","name":"nonHeapUsed","initParentAlias":"zenHealth","alias":"zenHealth.nonHeapUsed","displayName":"nonHeapUsed","fieldType":"java.lang.Double","dataType":"DOUBLE","xtype":"numberfield","fieldSize":"","isPKey":false},{"fieldName":"heapCommitted","name":"heapCommitted","initParentAlias":"zenHealth","alias":"zenHealth.heapCommitted","displayName":"heapCommitted","fieldType":"java.lang.Double","dataType":"DOUBLE","xtype":"numberfield","fieldSize":"","isPKey":false},{"fieldName":"maxMemory","name":"maxMemory","initParentAlias":"zenHealth","alias":"zenHealth.maxMemory","displayName":"maxMemory","fieldType":"java.lang.Double","dataType":"DOUBLE","xtype":"numberfield","fieldSize":"","isPKey":false},{"fieldName":"freeMemory","name":"freeMemory","initParentAlias":"zenHealth","alias":"zenHealth.freeMemory","displayName":"freeMemory","fieldType":"java.lang.Double","dataType":"DOUBLE","xtype":"numberfield","fieldSize":"","isPKey":false},{"fieldName":"heapUsed","name":"heapUsed","initParentAlias":"zenHealth","alias":"zenHealth.heapUsed","displayName":"heapUsed","fieldType":"java.lang.Double","dataType":"DOUBLE","xtype":"numberfield","fieldSize":"","isPKey":false},{"fieldName":"totalMemory","name":"totalMemory","initParentAlias":"zenHealth","alias":"zenHealth.totalMemory","displayName":"totalMemry","fieldType":"java.lang.Double","dataType":"DOUBLE","xtype":"numberfield","fieldSize":"","isPKey":false},{"fieldName":"startTime","name":"startTime","initParentAlias":"zenHealth","alias":"zenHealth.startTime","displayName":"startTime","fieldType":"java.sql.Timestamp","dataType":"DATETIME","xtype":"datefield","fieldSize":"","isPKey":false},{"fieldName":"upTime","name":"upTime","initParentAlias":"zenHealth","alias":"zenHealth.upTime","displayName":"upTime","fieldType":"java.lang.Integer","dataType":"INT","xtype":"numberfield","fieldSize":"11","isPKey":false},{"fieldName":"cpuTime","name":"cpuTime","initParentAlias":"zenHealth","alias":"zenHealth.cpuTime","displayName":"cpuTime","fieldType":"java.lang.Double","dataType":"DOUBLE","xtype":"numberfield","fieldSize":"","isPKey":false},{"fieldName":"freePhysicalSize","name":"freePhysicalSize","initParentAlias":"zenHealth","alias":"zenHealth.freePhysicalSize","displayName":"freePhysicalSize","fieldType":"java.lang.Double","dataType":"DOUBLE","xtype":"numberfield","fieldSize":"","isPKey":false},{"fieldName":"totalPhysicalMemorySize","name":"totalPhysicalMemorySize","initParentAlias":"zenHealth","alias":"zenHealth.totalPhysicalMemorySize","displayName":"totalPhysicalMemorSize","fieldType":"java.lang.Double","dataType":"DOUBLE","xtype":"numberfield","fieldSize":"","isPKey":false},{"fieldName":"cpuLoadTime","name":"cpuLoadTime","initParentAlias":"zenHealth","alias":"zenHealth.cpuLoadTime","displayName":"cpuLoadTime","fieldType":"java.lang.Double","dataType":"DOUBLE","xtype":"numberfield","fieldSize":"","isPKey":false},{"fieldName":"freeSwapSize","name":"freeSwapSize","initParentAlias":"zenHealth","alias":"zenHealth.freeSwapSize","displayName":"freeSwapSize","fieldType":"java.lang.Double","dataType":"DOUBLE","xtype":"numberfield","fieldSize":"","isPKey":false},{"fieldName":"systemLoadAverage","name":"systemLoadAverage","initParentAlias":"zenHealth","alias":"zenHealth.systemLoadAverage","displayName":"systemLoadAverage","fieldType":"java.lang.Double","dataType":"DOUBLE","xtype":"numberfield","fieldSize":"","isPKey":false},{"fieldName":"totalSwapSize","name":"totalSwapSize","initParentAlias":"zenHealth","alias":"zenHealth.totalSwapSize","displayName":"totalSwapSize","fieldType":"java.lang.Double","dataType":"DOUBLE","xtype":"numberfield","fieldSize":"","isPKey":false},{"fieldName":"availableProcessor","name":"availableProcessor","initParentAlias":"zenHealth","alias":"zenHealth.availableProcessor","displayName":"availableProcessor","fieldType":"java.lang.Double","dataType":"DOUBLE","xtype":"numberfield","fieldSize":"","isPKey":false},{"fieldName":"totalThread","name":"totalThread","initParentAlias":"zenHealth","alias":"zenHealth.totalThread","displayName":"totalThread","fieldType":"java.lang.Double","dataType":"DOUBLE","xtype":"numberfield","fieldSize":"","isPKey":false},{"fieldName":"threadPeakCount","name":"threadPeakCount","initParentAlias":"zenHealth","alias":"zenHealth.threadPeakCount","displayName":"threadPeakCount","fieldType":"java.lang.Double","dataType":"DOUBLE","xtype":"numberfield","fieldSize":"","isPKey":false},{"fieldName":"threadStartedCount","name":"threadStartedCount","initParentAlias":"zenHealth","alias":"zenHealth.threadStartedCount","displayName":"threadStartedCount","fieldType":"java.lang.Double","dataType":"DOUBLE","xtype":"numberfield","fieldSize":"","isPKey":false},{"fieldName":"threadDaemonCount","name":"threadDaemonCount","initParentAlias":"zenHealth","alias":"zenHealth.threadDaemonCount","displayName":"threadDaemonCount","fieldType":"java.lang.Double","dataType":"DOUBLE","xtype":"numberfield","fieldSize":"","isPKey":false},{"fieldName":"threadCpuTime","name":"threadCpuTime","initParentAlias":"zenHealth","alias":"zenHealth.threadCpuTime","displayName":"threadCpuTime","fieldType":"java.lang.Double","dataType":"DOUBLE","xtype":"numberfield","fieldSize":"","isPKey":false},{"fieldName":"threadUserTime","name":"threadUserTime","initParentAlias":"zenHealth","alias":"zenHealth.threadUserTime","displayName":"threadUserTime","fieldType":"java.lang.String","dataType":"VARCHAR","xtype":"textfield","fieldSize":"256","isPKey":false},{"fieldName":"cpuLoad","name":"cpuLoad","initParentAlias":"zenHealth","alias":"zenHealth.cpuLoad","displayName":"cpuLoad","fieldType":"java.lang.Double","dataType":"DOUBLE","xtype":"numberfield","fieldSize":"","isPKey":false},{"fieldName":"usedMemory","name":"usedMemory","initParentAlias":"zenHealth","alias":"zenHealth.usedMemory","displayName":"usedMemory","fieldType":"java.lang.Double","dataType":"DOUBLE","xtype":"numberfield","fieldSize":"","isPKey":false},{"fieldName":"usedSwapSize","name":"usedSwapSize","initParentAlias":"zenHealth","alias":"zenHealth.usedSwapSize","displayName":"usedSwapSize","fieldType":"java.lang.Double","dataType":"DOUBLE","xtype":"numberfield","fieldSize":"","isPKey":false},{"fieldName":"usedPhysicalMemory","name":"usedPhysicalMemory","initParentAlias":"zenHealth","alias":"zenHealth.usedPhysicalMemory","displayName":"usedPhysicalMemory","fieldType":"java.lang.Double","dataType":"DOUBLE","xtype":"numberfield","fieldSize":"","isPKey":false}],"inputParams":[]}#appfire#App Server Memory Usage#appfire#APP SERVER MEMORY USAGE#appfire#ba9dced8-453e-49a3-b627-d497a1f91b17#appfire#WD0JFHO6YIBEWUERIEJNDQ#appfire#1#appfire#0#appfire#2016-03-16 17:50:49.0#appfire#0#appfire#2016-03-16 17:50:49.0#appfire#0#appfire#1#appfire##appfire#0#appfire##appfirenewline#9D56C124-40F7-4A3F-B940-18125496085F#appfire#SELECT u FROM Login u WHERE u.systemInfo.activeStatus=1 AND u.user.userId NOT IN (SELECT ub.userId FROM UserRoleBridge ub)#appfire#1#appfire##appfire#findUnMappedUser#appfire#FINDUNMAPPEDUSER#appfire#ba9dced8-453e-49a3-b627-d497a1f91b17#appfire#WD0JFHO6YIBEWUERIEJNDQ#appfire#1#appfire#0#appfire#2016-03-16 17:50:49.0#appfire#0#appfire#2016-03-16 17:50:49.0#appfire#0#appfire#1#appfire##appfire#0#appfire##appfirenewline#A61AD4A2-DF01-44A1-BB53-0ACE40E03608#appfire#SELECT CONCAT(login.coreContacts.firstName, ' : ', abcRequestDetails.ipAddress,  ' : ' , abcRequestDetails.requestId, ' : ',abcRequestDetails.appSessionId ) AS login_corecontacts_firstname,abcRequestDetails.requestId,abcRequestDetails.className,abcRequestDetails.requestTime,abcRequestDetails.requestMethod,abcRequestDetails.httpStatus,abcRequestDetails.returnStatus,abcRequestDetails.executionTime,abcRequestDetails.methodName,abcRequestDetails.startTime,abcRequestDetails.endTime,abcRequestDetails.typeofClass,abcRequestDetails.callSeqId,abcRequestDetails.exceptionId,abcRequestDetails.userId,abcRequestDetails.appSessionId FROM ZenRequestDetails AS abcRequestDetails LEFT OUTER JOIN Login AS login  WHERE    login.user.userId = abcRequestDetails.userId   AND abcRequestDetails.requestTime >= :requestTime   AND abcRequestDetails.requestTime <= :updatedDate  ORDER BY  abcRequestDetails.requestTime DESC ,abcRequestDetails.requestId, abcRequestDetails.callSeqId ASC#appfire#2#appfire#{"where":[{},{"_connIndex":"486986mm-8805-4114-0878-9dn5a9365bd4","_parentIndex":"isWhereRoot","left":{"name":"userId","value":"login.user.userId","valueType":1,"dataType":"VARCHAR","displayName":"User Id","widget":"textfield","alias":"User","placeHolder":"userId","fieldType":"isReference","entConfig":{"name":"User","id":"183ACAE3-FF78-416C-887D-A2D48440B9ED","type":"T","alias":"login.user","initParentAlias":"login","relationType":"11","isEntity":true},"fieldConfig":{"fieldName":"userId","name":"userId","initParentAlias":"login","alias":"login.user.userId","displayName":"User Id","fieldType":"java.lang.String","dataType":"VARCHAR","xtype":"textfield","fieldSize":"64","isPKey":true}},"operator":"=","right":{"name":"userId","value":"abcRequestDetails.userId","valueType":1,"dataType":"VARCHAR","displayName":"userId","widget":"textfield","alias":"AbcRequestDetails","placeHolder":"userId","fieldType":"isReference","entConfig":{"name":"AbcRequestDetails","id":"87DC1ECD-00B5-470C-B928-8D202E16AD08","type":"M","alias":"abcRequestDetails","initParentAlias":"abcRequestDetails"},"fieldConfig":{"fieldName":"userId","name":"userId","initParentAlias":"abcRequestDetails","alias":"abcRequestDetails.userId","displayName":"userId","fieldType":"java.lang.String","dataType":"VARCHAR","xtype":"textfield","fieldSize":"45","isPKey":false}}},{"relation":"AND"},{"_connIndex":"dnm22ab9-am06-4d42-bd38-36cc67c3bcm2","_parentIndex":"isWhereRoot","left":{"name":"requestTime","value":"abcRequestDetails.requestTime","valueType":1,"dataType":"DATETIME","displayName":"Request Time","widget":"datefield","alias":"AbcRequestDetails","placeHolder":"requestTime","fieldType":"isReference","entConfig":{"name":"AbcRequestDetails","id":"87DC1ECD-00B5-470C-B928-8D202E16AD08","type":"M","alias":"abcRequestDetails","initParentAlias":"abcRequestDetails"},"fieldConfig":{"fieldName":"requestTime","name":"requestTime","initParentAlias":"abcRequestDetails","alias":"abcRequestDetails.requestTime","displayName":"Request Time","fieldType":"java.sql.Timestamp","dataType":"DATETIME","xtype":"datefield","fieldSize":"","isPKey":false}},"operator":">=","right":{"name":"requestTime","value":":requestTime","valueType":2,"dataType":"DATETIME","displayName":"Request Time","widget":"datefield","alias":"AbcRequestDetails","placeHolder":"requestTime","fieldType":"isDynamic","entConfig":{"name":"AbcRequestDetails","id":"87DC1ECD-00B5-470C-B928-8D202E16AD08","type":"M","alias":"abcRequestDetails","initParentAlias":"abcRequestDetails"},"fieldConfig":{"fieldName":"requestTime","name":"requestTime","initParentAlias":"abcRequestDetails","alias":"abcRequestDetails.requestTime","displayName":"Request Time","fieldType":"java.sql.Timestamp","dataType":"DATETIME","xtype":"datefield","fieldSize":"","isPKey":false}}},{"relation":"AND"},{"_connIndex":"0m05c4a5-86ca-4398-174c-1902c170a69a","_parentIndex":"isWhereRoot","left":{"name":"requestTime","value":"abcRequestDetails.requestTime","valueType":1,"dataType":"DATETIME","displayName":"Request Time","widget":"datefield","alias":"AbcRequestDetails","placeHolder":"requestTime","fieldType":"isReference","entConfig":{"name":"AbcRequestDetails","id":"87DC1ECD-00B5-470C-B928-8D202E16AD08","type":"M","alias":"abcRequestDetails","initParentAlias":"abcRequestDetails"},"fieldConfig":{"fieldName":"requestTime","name":"requestTime","initParentAlias":"abcRequestDetails","alias":"abcRequestDetails.requestTime","displayName":"Request Time","fieldType":"java.sql.Timestamp","dataType":"DATETIME","xtype":"datefield","fieldSize":"","isPKey":false}},"operator":"<=","right":{"name":"updatedDate","value":":updatedDate","valueType":2,"dataType":"DATETIME","displayName":"updatedDate","widget":"datefield","alias":"entityAudit","placeHolder":"updatedDate","fieldType":"isDynamic","entConfig":{"name":"entityAudit","displayName":"entityAudit","id":"B3487937-37D4-481F-A5C8-E069EFE1ADC608504900113983522","type":"M","alias":"entityAudit","initParentAlias":"abcRequestDetails","parentAlias":"abcRequestDetails"},"fieldConfig":{"fieldName":"updatedDate","name":"updatedDate","initParentAlias":"abcRequestDetails","alias":"abcRequestDetails.entityAudit.updatedDate","displayName":"updatedDate","fieldType":"java.sql.Timestamp","dataType":"DATETIME","xtype":"datefield","fieldSize":"","isPKey":false}}}],"fields":[{"fieldName":"login_corecontacts_firstname","name":"login_corecontacts_firstname","initParentAlias":"login","alias":"login.coreContacts.firstName","displayName":"First Name","fieldType":"java.lang.String","dataType":"VARCHAR","xtype":"textfield","fieldSize":"256","isPKey":false,"customFieldName":"login_corecontacts_firstname","aggregate":"CONCAT"},{"fieldName":"requestId","name":"requestId","initParentAlias":"abcRequestDetails","alias":"abcRequestDetails.requestId","displayName":"Request Id","fieldType":"java.lang.String","dataType":"VARCHAR","xtype":"textfield","fieldSize":"46","isPKey":true},{"fieldName":"className","name":"className","initParentAlias":"abcRequestDetails","alias":"abcRequestDetails.className","displayName":"Class Name","fieldType":"java.lang.String","dataType":"VARCHAR","xtype":"textfield","fieldSize":"150","isPKey":false},{"fieldName":"requestTime","name":"requestTime","initParentAlias":"abcRequestDetails","alias":"abcRequestDetails.requestTime","displayName":"Request Time","fieldType":"java.sql.Timestamp","dataType":"DATETIME","xtype":"datefield","fieldSize":"","isPKey":false},{"fieldName":"requestMethod","name":"requestMethod","initParentAlias":"abcRequestDetails","alias":"abcRequestDetails.requestMethod","displayName":"Request Method","fieldType":"java.lang.String","dataType":"VARCHAR","xtype":"textfield","fieldSize":"45","isPKey":false},{"fieldName":"httpStatus","name":"httpStatus","initParentAlias":"abcRequestDetails","alias":"abcRequestDetails.httpStatus","displayName":"Http Status","fieldType":"java.lang.String","dataType":"VARCHAR","xtype":"textfield","fieldSize":"45","isPKey":false},{"fieldName":"returnStatus","name":"returnStatus","initParentAlias":"abcRequestDetails","alias":"abcRequestDetails.returnStatus","displayName":"Return Status","fieldType":"java.lang.String","dataType":"VARCHAR","xtype":"textfield","fieldSize":"45","isPKey":false},{"fieldName":"executionTime","name":"executionTime","initParentAlias":"abcRequestDetails","alias":"abcRequestDetails.executionTime","displayName":"Execution Time","fieldType":"java.lang.Double","dataType":"DOUBLE","xtype":"numberfield","fieldSize":"21,2","isPKey":false},{"fieldName":"methodName","name":"methodName","initParentAlias":"abcRequestDetails","alias":"abcRequestDetails.methodName","displayName":"Method Name","fieldType":"java.lang.String","dataType":"VARCHAR","xtype":"textfield","fieldSize":"45","isPKey":false},{"fieldName":"startTime","name":"startTime","initParentAlias":"abcRequestDetails","alias":"abcRequestDetails.startTime","displayName":"Start Time","fieldType":"java.sql.Timestamp","dataType":"DATETIME","xtype":"datefield","fieldSize":"","isPKey":false},{"fieldName":"endTime","name":"endTime","initParentAlias":"abcRequestDetails","alias":"abcRequestDetails.endTime","displayName":"End Time","fieldType":"java.sql.Timestamp","dataType":"DATETIME","xtype":"datefield","fieldSize":"","isPKey":false},{"fieldName":"typeofClass","name":"typeofClass","initParentAlias":"abcRequestDetails","alias":"abcRequestDetails.typeofClass","displayName":"Type Of Class","fieldType":"java.lang.String","dataType":"VARCHAR","xtype":"textfield","fieldSize":"11","isPKey":false},{"fieldName":"callSeqId","name":"callSeqId","initParentAlias":"abcRequestDetails","alias":"abcRequestDetails.callSeqId","displayName":"callSeqId","fieldType":"java.lang.Integer","dataType":"INT","xtype":"numberfield","fieldSize":"10","isPKey":false},{"fieldName":"exceptionId","name":"exceptionId","initParentAlias":"abcRequestDetails","alias":"abcRequestDetails.exceptionId","displayName":"exceptionId","fieldType":"java.lang.Integer","dataType":"INT","xtype":"numberfield","fieldSize":"10","isPKey":false},{"fieldName":"userId","name":"userId","initParentAlias":"abcRequestDetails","alias":"abcRequestDetails.userId","displayName":"userId","fieldType":"java.lang.String","dataType":"VARCHAR","xtype":"textfield","fieldSize":"45","isPKey":false},{"fieldName":"appSessionId","name":"appSessionId","initParentAlias":"abcRequestDetails","alias":"abcRequestDetails.appSessionId","displayName":"App Session Id","fieldType":"java.lang.String","dataType":"VARCHAR","xtype":"textfield","fieldSize":"45","isPKey":false}],"inputParams":[{"dataType":"DATETIME","placeHolder":"requestTime","alias":"abcRequestDetails.requestTime","fieldType":"java.sql.Timestamp"},{"dataType":"DATETIME","placeHolder":"updatedDate","alias":"abcRequestDetails.entityAudit.updatedDate","fieldType":"java.sql.Timestamp"}],"joinCondition":[{"_joinId":"8mc11138-c2a0-4b6n-aad5-cccb06c871cn","_uuID":"8mc11138-c2a0-4b6n-aad5-cccb06c871cn","left":{"name":"AbcRequestDetails","id":"87DC1ECD-00B5-470C-B928-8D202E16AD08","type":"M","alias":"abcRequestDetails","initParentAlias":"abcRequestDetails"},"operator":"LEFT OUTER JOIN","right":{"name":"Login","id":"66B6B49B-FD9E-4AB5-8B2A-B5EDA63E627D","type":"T","alias":"login","initParentAlias":"login"},"isJoin":true}]}#appfire#Request Details#appfire#REQUEST DETAILS#appfire#ba9dced8-453e-49a3-b627-d497a1f91b17#appfire#WD0JFHO6YIBEWUERIEJNDQ#appfire#1#appfire#0#appfire#2016-03-16 17:50:49.0#appfire#0#appfire#2016-03-16 17:50:49.0#appfire#0#appfire#1#appfire##appfire#0#appfire##appfirenewline#AA5DA8E2-0BEE-4CA5-A5DE-BB0016CFEAEB#appfire#SELECT salesRegion.regionname,currentMonth.monthid,currentMonth.monthname,distributor.distributorname,distributor.longitude,distributor.lattitude,retailer.retailername,salesData.autoid,salesData.channelId,salesData.salesdate,salesData.salesmonth,salesData.salesyear,salesData.salesinvoicenbr,salesData.branddesc,salesData.salesqty,salesData.netsalesamt,salesData.grosssalesamt,salesData.materialcode,salesData.brandcode,salesData.category,salesData.entityAudit.updatedDate FROM SalesRegion AS salesRegion,CurrentMonth AS currentMonth,Distributor AS distributor,Retailer AS retailer,SalesData AS salesData 
 WHERE 
  salesData.salesmonth = currentMonth.monthid 
 AND retailer.distributorcode = distributor.distributorcode 
 AND distributor.regioncode = salesRegion.regioncode 
 AND salesData.reatilercode = retailer.retailercode 
 AND salesData.salesdate >= :salesdate 
 AND salesData.salesdate <= :createdDate 
 
 
 ORDER BY  currentMonth.monthid#appfire#2#appfire#{"where":[{},{"_connIndex":"6a04d50a-m17b-40mc-0d3d-47c07a6m6a61","_parentIndex":"isWhereRoot","left":{"name":"salesmonth","value":"salesData.salesmonth","valueType":1,"dataType":"INT","displayName":"Sales month","widget":"numberfield","alias":"SalesData","placeHolder":"salesmonth","fieldType":"isReference","entConfig":{"name":"SalesData","id":"3F6A872C-7225-403B-BC19-7A2225C13341","type":"T","alias":"salesData","initParentAlias":"salesData"},"fieldConfig":{"fieldName":"salesmonth","name":"salesmonth","initParentAlias":"salesData","alias":"salesData.salesmonth","displayName":"Sales month","fieldType":"java.lang.Integer","dataType":"INT","xtype":"numberfield","fieldSize":"10","isPKey":false}},"operator":"=","right":{"name":"monthid","value":"currentMonth.monthid","valueType":1,"dataType":"INT","displayName":"monthid","widget":"numberfield","alias":"CurrentMonth","placeHolder":"monthid","fieldType":"isReference","entConfig":{"name":"CurrentMonth","id":"AB986971-C796-4720-BB06-CCCCDBDAD7C2","type":"M","alias":"currentMonth","initParentAlias":"currentMonth"},"fieldConfig":{"fieldName":"monthid","name":"monthid","initParentAlias":"currentMonth","alias":"currentMonth.monthid","displayName":"monthid","fieldType":"java.lang.Integer","dataType":"INT","xtype":"numberfield","fieldSize":"10","isPKey":true}}},{"relation":"AND"},{"_connIndex":"73nmn06a-bbd0-4b26-1943-d61a5c7d5a06","_parentIndex":"isWhereRoot","left":{"name":"distributorcode","value":"retailer.distributorcode","valueType":1,"dataType":"VARCHAR","displayName":"Distributor code","widget":"combo","alias":"Retailer","placeHolder":"distributorcode","fieldType":"isReference","entConfig":{"name":"Retailer","id":"63F8898C-05B6-46DF-9F83-6BAE80444113","type":"M","alias":"retailer","initParentAlias":"retailer"},"fieldConfig":{"fieldName":"distributorcode","name":"distributorcode","initParentAlias":"retailer","alias":"retailer.distributorcode","displayName":"Distributor code","fieldType":"java.lang.String","dataType":"VARCHAR","xtype":"combo","fieldSize":"64","isPKey":false}},"operator":"=","right":{"name":"distributorcode","value":"distributor.distributorcode","valueType":1,"dataType":"VARCHAR","displayName":"Distributor code","widget":"textfield","alias":"Distributor","placeHolder":"distributorcode","fieldType":"isReference","entConfig":{"name":"Distributor","id":"FBF615DA-DCFE-40AC-B731-603E51A72C94","type":"M","alias":"distributor","initParentAlias":"distributor"},"fieldConfig":{"fieldName":"distributorcode","name":"distributorcode","initParentAlias":"distributor","alias":"distributor.distributorcode","displayName":"Distributor code","fieldType":"java.lang.String","dataType":"VARCHAR","xtype":"textfield","fieldSize":"64","isPKey":true}}},{"relation":"AND"},{"_connIndex":"9163687m-8146-4302-b3dn-m0d506cb3d2d","_parentIndex":"isWhereRoot","left":{"name":"regioncode","value":"distributor.regioncode","valueType":1,"dataType":"VARCHAR","displayName":"Region code","widget":"combo","alias":"Distributor","placeHolder":"regioncode","fieldType":"isReference","entConfig":{"name":"Distributor","id":"FBF615DA-DCFE-40AC-B731-603E51A72C94","type":"M","alias":"distributor","initParentAlias":"distributor"},"fieldConfig":{"fieldName":"regioncode","name":"regioncode","initParentAlias":"distributor","alias":"distributor.regioncode","displayName":"Region code","fieldType":"java.lang.String","dataType":"VARCHAR","xtype":"combo","fieldSize":"64","isPKey":false}},"operator":"=","right":{"name":"regioncode","value":"salesRegion.regioncode","valueType":1,"dataType":"VARCHAR","displayName":"Region code","widget":"textfield","alias":"SalesRegion","placeHolder":"regioncode","fieldType":"isReference","entConfig":{"name":"SalesRegion","id":"C593EA7D-4C1B-45E7-8CC6-EA7AA5DB73D2","type":"M","alias":"salesRegion","initParentAlias":"salesRegion"},"fieldConfig":{"fieldName":"regioncode","name":"regioncode","initParentAlias":"salesRegion","alias":"salesRegion.regioncode","displayName":"Region code","fieldType":"java.lang.String","dataType":"VARCHAR","xtype":"textfield","fieldSize":"64","isPKey":true}}},{"relation":"AND"},{"_connIndex":"0nd50481-5556-42b3-0d44-61154n83ba17","_parentIndex":"isWhereRoot","left":{"name":"reatilercode","value":"salesData.reatilercode","valueType":1,"dataType":"VARCHAR","displayName":"Retailer code","widget":"combo","alias":"SalesData","placeHolder":"reatilercode","fieldType":"isReference","entConfig":{"name":"SalesData","id":"3F6A872C-7225-403B-BC19-7A2225C13341","type":"T","alias":"salesData","initParentAlias":"salesData"},"fieldConfig":{"fieldName":"reatilercode","name":"reatilercode","initParentAlias":"salesData","alias":"salesData.reatilercode","displayName":"Retailer code","fieldType":"java.lang.String","dataType":"VARCHAR","xtype":"combo","fieldSize":"64","isPKey":false}},"operator":"=","right":{"name":"retailercode","value":"retailer.retailercode","valueType":1,"dataType":"VARCHAR","displayName":"Retailer code","widget":"textfield","alias":"Retailer","placeHolder":"retailercode","fieldType":"isReference","entConfig":{"name":"Retailer","id":"63F8898C-05B6-46DF-9F83-6BAE80444113","type":"M","alias":"retailer","initParentAlias":"retailer"},"fieldConfig":{"fieldName":"retailercode","name":"retailercode","initParentAlias":"retailer","alias":"retailer.retailercode","displayName":"Retailer code","fieldType":"java.lang.String","dataType":"VARCHAR","xtype":"textfield","fieldSize":"256","isPKey":true}}},{"relation":"AND"},{"_connIndex":"97655cbd-nc1a-4mcb-0a68-c1cda7ad09a9","_parentIndex":"isWhereRoot","left":{"name":"salesdate","value":"salesData.salesdate","valueType":1,"dataType":"DATE","displayName":"Sales date","widget":"datefield","alias":"SalesData","placeHolder":"salesdate","fieldType":"isReference","entConfig":{"name":"SalesData","id":"3F6A872C-7225-403B-BC19-7A2225C13341","type":"T","alias":"salesData","initParentAlias":"salesData"},"fieldConfig":{"fieldName":"salesdate","name":"salesdate","initParentAlias":"salesData","alias":"salesData.salesdate","displayName":"Sales date","fieldType":"java.sql.Date","dataType":"DATE","xtype":"datefield","fieldSize":"","isPKey":false}},"operator":">=","right":{"name":"salesdate","value":":salesdate","valueType":2,"dataType":"DATE","displayName":"Sales date","widget":"datefield","alias":"SalesData","placeHolder":"salesdate","fieldType":"isDynamic","entConfig":{"name":"SalesData","id":"3F6A872C-7225-403B-BC19-7A2225C13341","type":"T","alias":"salesData","initParentAlias":"salesData"},"fieldConfig":{"fieldName":"salesdate","name":"salesdate","initParentAlias":"salesData","alias":"salesData.salesdate","displayName":"Sales date","fieldType":"java.sql.Date","dataType":"DATE","xtype":"datefield","fieldSize":"","isPKey":false}}},{"relation":"AND"},{"_connIndex":"1d705041-192d-40n3-0c11-35c7c4608049","_parentIndex":"isWhereRoot","left":{"name":"salesdate","value":"salesData.salesdate","valueType":1,"dataType":"DATE","displayName":"Sales date","widget":"datefield","alias":"SalesData","placeHolder":"salesdate","fieldType":"isReference","entConfig":{"name":"SalesData","id":"3F6A872C-7225-403B-BC19-7A2225C13341","type":"T","alias":"salesData","initParentAlias":"salesData"},"fieldConfig":{"fieldName":"salesdate","name":"salesdate","initParentAlias":"salesData","alias":"salesData.salesdate","displayName":"Sales date","fieldType":"java.sql.Date","dataType":"DATE","xtype":"datefield","fieldSize":"","isPKey":false}},"operator":"<=","right":{"name":"createdDate","value":":createdDate","valueType":2,"dataType":"DATETIME","displayName":"createdDate","widget":"datefield","alias":"entityAudit","placeHolder":"createdDate","fieldType":"isDynamic","entConfig":{"name":"entityAudit","displayName":"entityAudit","id":"5A3DA0B0-1C30-4349-8F90-D506CD9A5370048527685923542796","type":"M","alias":"entityAudit","initParentAlias":"salesRegion","parentAlias":"salesRegion"},"fieldConfig":{"fieldName":"createdDate","name":"createdDate","initParentAlias":"salesRegion","alias":"salesRegion.entityAudit.createdDate","displayName":"createdDate","fieldType":"java.sql.Timestamp","dataType":"DATETIME","xtype":"datefield","fieldSize":"","isPKey":false}}}],"fields":[{"fieldName":"regionname","name":"regionname","initParentAlias":"salesRegion","alias":"salesRegion.regionname","displayName":"Region name","fieldType":"java.lang.String","dataType":"VARCHAR","xtype":"textfield","fieldSize":"64","isPKey":false},{"fieldName":"monthid","name":"monthid","initParentAlias":"currentMonth","alias":"currentMonth.monthid","displayName":"monthid","fieldType":"java.lang.Integer","dataType":"INT","xtype":"numberfield","fieldSize":"10","isPKey":true},{"fieldName":"monthname","name":"monthname","initParentAlias":"currentMonth","alias":"currentMonth.monthname","displayName":"Month name","fieldType":"java.lang.String","dataType":"VARCHAR","xtype":"textfield","fieldSize":"64","isPKey":false},{"fieldName":"distributorname","name":"distributorname","initParentAlias":"distributor","alias":"distributor.distributorname","displayName":"Distributor name","fieldType":"java.lang.String","dataType":"VARCHAR","xtype":"textfield","fieldSize":"64","isPKey":false},{"fieldName":"longitude","name":"longitude","initParentAlias":"distributor","alias":"distributor.longitude","displayName":"Longitude","fieldType":"java.lang.Double","dataType":"DOUBLE","xtype":"numberfield","fieldSize":"10,2","isPKey":false},{"fieldName":"lattitude","name":"lattitude","initParentAlias":"distributor","alias":"distributor.lattitude","displayName":"Latitude","fieldType":"java.lang.Double","dataType":"DOUBLE","xtype":"numberfield","fieldSize":"10,2","isPKey":false},{"fieldName":"retailername","name":"retailername","initParentAlias":"retailer","alias":"retailer.retailername","displayName":"Retailer name","fieldType":"java.lang.String","dataType":"VARCHAR","xtype":"textfield","fieldSize":"256","isPKey":false},{"fieldName":"autoid","name":"autoid","initParentAlias":"salesData","alias":"salesData.autoid","displayName":"auto id","fieldType":"java.lang.Integer","dataType":"INT","xtype":"numberfield","fieldSize":"10","isPKey":true},{"fieldName":"channelId","name":"channelId","initParentAlias":"salesData","alias":"salesData.channelId","displayName":"Channel","fieldType":"java.lang.String","dataType":"VARCHAR","xtype":"combo","fieldSize":"64","isPKey":false},{"fieldName":"salesdate","name":"salesdate","initParentAlias":"salesData","alias":"salesData.salesdate","displayName":"Sales date","fieldType":"java.sql.Date","dataType":"DATE","xtype":"datefield","fieldSize":"","isPKey":false},{"fieldName":"salesmonth","name":"salesmonth","initParentAlias":"salesData","alias":"salesData.salesmonth","displayName":"Sales month","fieldType":"java.lang.Integer","dataType":"INT","xtype":"numberfield","fieldSize":"10","isPKey":false},{"fieldName":"salesyear","name":"salesyear","initParentAlias":"salesData","alias":"salesData.salesyear","displayName":"Sales year","fieldType":"java.lang.Integer","dataType":"INT","xtype":"numberfield","fieldSize":"10","isPKey":false},{"fieldName":"salesinvoicenbr","name":"salesinvoicenbr","initParentAlias":"salesData","alias":"salesData.salesinvoicenbr","displayName":"Sales invoice nbr","fieldType":"java.lang.String","dataType":"VARCHAR","xtype":"textfield","fieldSize":"64","isPKey":false},{"fieldName":"branddesc","name":"branddesc","initParentAlias":"salesData","alias":"salesData.branddesc","displayName":"Brand desc","fieldType":"java.lang.String","dataType":"VARCHAR","xtype":"textfield","fieldSize":"64","isPKey":false},{"fieldName":"salesqty","name":"salesqty","initParentAlias":"salesData","alias":"salesData.salesqty","displayName":"Sales qty","fieldType":"java.lang.Double","dataType":"DOUBLE","xtype":"numberfield","fieldSize":"10,2","isPKey":false},{"fieldName":"netsalesamt","name":"netsalesamt","initParentAlias":"salesData","alias":"salesData.netsalesamt","displayName":"Net sales amt","fieldType":"java.lang.Double","dataType":"DOUBLE","xtype":"numberfield","fieldSize":"10,2","isPKey":false},{"fieldName":"grosssalesamt","name":"grosssalesamt","initParentAlias":"salesData","alias":"salesData.grosssalesamt","displayName":"Gross sales amt","fieldType":"java.lang.Double","dataType":"DOUBLE","xtype":"numberfield","fieldSize":"10,2","isPKey":false},{"fieldName":"materialcode","name":"materialcode","initParentAlias":"salesData","alias":"salesData.materialcode","displayName":"Material code","fieldType":"java.lang.String","dataType":"VARCHAR","xtype":"combo","fieldSize":"64","isPKey":false},{"fieldName":"brandcode","name":"brandcode","initParentAlias":"salesData","alias":"salesData.brandcode","displayName":"Brand code","fieldType":"java.lang.String","dataType":"VARCHAR","xtype":"combo","fieldSize":"64","isPKey":false},{"fieldName":"category","name":"category","initParentAlias":"salesData","alias":"salesData.category","displayName":"Category","fieldType":"java.lang.String","dataType":"VARCHAR","xtype":"combo","fieldSize":"64","isPKey":false},{"fieldName":"updatedDate","name":"updatedDate","initParentAlias":"salesData","alias":"salesData.entityAudit.updatedDate","displayName":"updatedDate","fieldType":"java.sql.Timestamp","dataType":"DATETIME","xtype":"datefield","fieldSize":"","isPKey":false}],"inputParams":[{"dataType":"DATE","placeHolder":"salesdate","alias":"salesData.salesdate","fieldType":"java.sql.Date"},{"dataType":"DATETIME","placeHolder":"createdDate","alias":"salesRegion.entityAudit.createdDate","fieldType":"java.sql.Timestamp"}],"joinCondition":[]}#appfire#Cal Query#appfire#CAL QUERY#appfire#ba9dced8-453e-49a3-b627-d497a1f91b17#appfire#WD0JFHO6YIBEWUERIEJNDQ#appfire#1#appfire#0#appfire#2016-03-16 17:50:49.0#appfire#0#appfire#2016-03-16 17:50:49.0#appfire#0#appfire#1#appfire##appfire#0#appfire##appfirenewline#EFCA1731-E87E-4386-AD99-CD6A4502212B#appfire#SELECT salesRegion.regionname,retailer.retailername,distributor.distributorname,distributor.longitude,distributor.lattitude,currentMonth.monthid,currentMonth.monthname,salesData.autoid,salesData.channelId,salesData.salesdate,salesData.salesyear,salesData.salesinvoicenbr,salesData.materialdesc,salesData.branddesc,salesData.salesqty,salesData.netsalesamt,salesData.grosssalesamt,salesData.materialcode,salesData.brandcode,salesData.category,salesData.entityAudit.updatedDate FROM SalesRegion AS salesRegion,Retailer AS retailer,Distributor AS distributor,CurrentMonth AS currentMonth,SalesData AS salesData 
 WHERE 
  salesData.reatilercode = retailer.retailercode 
 AND retailer.distributorcode = distributor.distributorcode 
 AND distributor.regioncode = salesRegion.regioncode 
 AND salesData.salesmonth = currentMonth.monthid 
 AND salesRegion.regionname like :regionname 
 AND retailer.retailername like :retailername 
 AND distributor.distributorname like :distributorname 
 AND salesData.salesyear = :salesyear 
 AND currentMonth.monthname like :monthname 
 
 
 ORDER BY  currentMonth.monthid#appfire#2#appfire#{"where":[{},{"_connIndex":"29394b94-5906-4bbb-a421-m38800910269","_parentIndex":"isWhereRoot","left":{"name":"reatilercode","value":"salesData.reatilercode","valueType":1,"dataType":"VARCHAR","displayName":"Retailer code","widget":"combo","alias":"SalesData","placeHolder":"reatilercode","fieldType":"isReference","entConfig":{"name":"SalesData","id":"3F6A872C-7225-403B-BC19-7A2225C13341","type":"T","alias":"salesData","initParentAlias":"salesData"},"fieldConfig":{"fieldName":"reatilercode","name":"reatilercode","initParentAlias":"salesData","alias":"salesData.reatilercode","displayName":"Retailer code","fieldType":"java.lang.String","dataType":"VARCHAR","xtype":"combo","fieldSize":"64","isPKey":false}},"operator":"=","right":{"name":"retailercode","value":"retailer.retailercode","valueType":1,"dataType":"VARCHAR","displayName":"Retailer code","widget":"textfield","alias":"Retailer","placeHolder":"retailercode","fieldType":"isReference","entConfig":{"name":"Retailer","id":"63F8898C-05B6-46DF-9F83-6BAE80444113","type":"M","alias":"retailer","initParentAlias":"retailer"},"fieldConfig":{"fieldName":"retailercode","name":"retailercode","initParentAlias":"retailer","alias":"retailer.retailercode","displayName":"Retailer code","fieldType":"java.lang.String","dataType":"VARCHAR","xtype":"textfield","fieldSize":"256","isPKey":true}}},{"relation":"AND"},{"_connIndex":"nd3m653b-5208-4n6a-18cb-n2bbanam08n5","_parentIndex":"isWhereRoot","left":{"name":"distributorcode","value":"retailer.distributorcode","valueType":1,"dataType":"VARCHAR","displayName":"Distributor code","widget":"combo","alias":"Retailer","placeHolder":"distributorcode","fieldType":"isReference","entConfig":{"name":"Retailer","id":"63F8898C-05B6-46DF-9F83-6BAE80444113","type":"M","alias":"retailer","initParentAlias":"retailer"},"fieldConfig":{"fieldName":"distributorcode","name":"distributorcode","initParentAlias":"retailer","alias":"retailer.distributorcode","displayName":"Distributor code","fieldType":"java.lang.String","dataType":"VARCHAR","xtype":"combo","fieldSize":"64","isPKey":false}},"operator":"=","right":{"name":"distributorcode","value":"distributor.distributorcode","valueType":1,"dataType":"VARCHAR","displayName":"Distributor code","widget":"textfield","alias":"Distributor","placeHolder":"distributorcode","fieldType":"isReference","entConfig":{"name":"Distributor","id":"FBF615DA-DCFE-40AC-B731-603E51A72C94","type":"M","alias":"distributor","initParentAlias":"distributor"},"fieldConfig":{"fieldName":"distributorcode","name":"distributorcode","initParentAlias":"distributor","alias":"distributor.distributorcode","displayName":"Distributor code","fieldType":"java.lang.String","dataType":"VARCHAR","xtype":"textfield","fieldSize":"64","isPKey":true}}},{"relation":"AND"},{"_connIndex":"899a3c65-2ab9-416a-11n6-48a19717ma8a","_parentIndex":"isWhereRoot","left":{"name":"regioncode","value":"distributor.regioncode","valueType":1,"dataType":"VARCHAR","displayName":"Region code","widget":"combo","alias":"Distributor","placeHolder":"regioncode","fieldType":"isReference","entConfig":{"name":"Distributor","id":"FBF615DA-DCFE-40AC-B731-603E51A72C94","type":"M","alias":"distributor","initParentAlias":"distributor"},"fieldConfig":{"fieldName":"regioncode","name":"regioncode","initParentAlias":"distributor","alias":"distributor.regioncode","displayName":"Region code","fieldType":"java.lang.String","dataType":"VARCHAR","xtype":"combo","fieldSize":"64","isPKey":false}},"operator":"=","right":{"name":"regioncode","value":"salesRegion.regioncode","valueType":1,"dataType":"VARCHAR","displayName":"Region code","widget":"textfield","alias":"SalesRegion","placeHolder":"regioncode","fieldType":"isReference","entConfig":{"name":"SalesRegion","id":"C593EA7D-4C1B-45E7-8CC6-EA7AA5DB73D2","type":"M","alias":"salesRegion","initParentAlias":"salesRegion"},"fieldConfig":{"fieldName":"regioncode","name":"regioncode","initParentAlias":"salesRegion","alias":"salesRegion.regioncode","displayName":"Region code","fieldType":"java.lang.String","dataType":"VARCHAR","xtype":"textfield","fieldSize":"64","isPKey":true}}},{"relation":"AND"},{"_connIndex":"b582149c-bm9m-4403-0b36-77a3n7b6373c","_parentIndex":"isWhereRoot","left":{"name":"salesmonth","value":"salesData.salesmonth","valueType":1,"dataType":"INT","displayName":"Sales month","widget":"numberfield","alias":"SalesData","placeHolder":"salesmonth","fieldType":"isReference","entConfig":{"name":"SalesData","id":"3F6A872C-7225-403B-BC19-7A2225C13341","type":"T","alias":"salesData","initParentAlias":"salesData"},"fieldConfig":{"fieldName":"salesmonth","name":"salesmonth","initParentAlias":"salesData","alias":"salesData.salesmonth","displayName":"Sales month","fieldType":"java.lang.Integer","dataType":"INT","xtype":"numberfield","fieldSize":"10","isPKey":false}},"operator":"=","right":{"name":"monthid","value":"currentMonth.monthid","valueType":1,"dataType":"INT","displayName":"monthid","widget":"numberfield","alias":"CurrentMonth","placeHolder":"monthid","fieldType":"isReference","entConfig":{"name":"CurrentMonth","id":"AB986971-C796-4720-BB06-CCCCDBDAD7C2","type":"M","alias":"currentMonth","initParentAlias":"currentMonth"},"fieldConfig":{"fieldName":"monthid","name":"monthid","initParentAlias":"currentMonth","alias":"currentMonth.monthid","displayName":"monthid","fieldType":"java.lang.Integer","dataType":"INT","xtype":"numberfield","fieldSize":"10","isPKey":true}}},{"relation":"AND"},{"_connIndex":"48458493-n4md-4bb0-a1d4-22n748n32an4","_parentIndex":"isWhereRoot","left":{"name":"regionname","value":"salesRegion.regionname","valueType":1,"dataType":"VARCHAR","displayName":"Region name","widget":"textfield","alias":"SalesRegion","placeHolder":"regionname","fieldType":"isReference","entConfig":{"name":"SalesRegion","id":"C593EA7D-4C1B-45E7-8CC6-EA7AA5DB73D2","type":"M","alias":"salesRegion","initParentAlias":"salesRegion"},"fieldConfig":{"fieldName":"regionname","name":"regionname","initParentAlias":"salesRegion","alias":"salesRegion.regionname","displayName":"Region name","fieldType":"java.lang.String","dataType":"VARCHAR","xtype":"textfield","fieldSize":"64","isPKey":false}},"operator":"like","right":{"name":"regionname","value":":regionname","valueType":2,"dataType":"VARCHAR","displayName":"Region name","widget":"textfield","alias":"SalesRegion","placeHolder":"regionname","fieldType":"isDynamic","entConfig":{"name":"SalesRegion","id":"C593EA7D-4C1B-45E7-8CC6-EA7AA5DB73D2","type":"M","alias":"salesRegion","initParentAlias":"salesRegion"},"fieldConfig":{"fieldName":"regionname","name":"regionname","initParentAlias":"salesRegion","alias":"salesRegion.regionname","displayName":"Region name","fieldType":"java.lang.String","dataType":"VARCHAR","xtype":"textfield","fieldSize":"64","isPKey":false}}},{"relation":"AND"},{"_connIndex":"b3mm7a17-2d2b-4m71-b5n9-m33452c7c2c9","_parentIndex":"isWhereRoot","left":{"name":"retailername","value":"retailer.retailername","valueType":1,"dataType":"VARCHAR","displayName":"Retailer name","widget":"textfield","alias":"Retailer","placeHolder":"retailername","fieldType":"isReference","entConfig":{"name":"Retailer","id":"63F8898C-05B6-46DF-9F83-6BAE80444113","type":"M","alias":"retailer","initParentAlias":"retailer"},"fieldConfig":{"fieldName":"retailername","name":"retailername","initParentAlias":"retailer","alias":"retailer.retailername","displayName":"Retailer name","fieldType":"java.lang.String","dataType":"VARCHAR","xtype":"textfield","fieldSize":"256","isPKey":false}},"operator":"like","right":{"name":"retailername","value":":retailername","valueType":2,"dataType":"VARCHAR","displayName":"Retailer name","widget":"textfield","alias":"Retailer","placeHolder":"retailername","fieldType":"isDynamic","entConfig":{"name":"Retailer","id":"63F8898C-05B6-46DF-9F83-6BAE80444113","type":"M","alias":"retailer","initParentAlias":"retailer"},"fieldConfig":{"fieldName":"retailername","name":"retailername","initParentAlias":"retailer","alias":"retailer.retailername","displayName":"Retailer name","fieldType":"java.lang.String","dataType":"VARCHAR","xtype":"textfield","fieldSize":"256","isPKey":false}}},{"relation":"AND"},{"_connIndex":"d0058c5n-2d6c-408m-0807-nd412dm4da99","_parentIndex":"isWhereRoot","left":{"name":"distributorname","value":"distributor.distributorname","valueType":1,"dataType":"VARCHAR","displayName":"Distributor name","widget":"textfield","alias":"Distributor","placeHolder":"distributorname","fieldType":"isReference","entConfig":{"name":"Distributor","id":"FBF615DA-DCFE-40AC-B731-603E51A72C94","type":"M","alias":"distributor","initParentAlias":"distributor"},"fieldConfig":{"fieldName":"distributorname","name":"distributorname","initParentAlias":"distributor","alias":"distributor.distributorname","displayName":"Distributor name","fieldType":"java.lang.String","dataType":"VARCHAR","xtype":"textfield","fieldSize":"64","isPKey":false}},"operator":"like","right":{"name":"distributorname","value":":distributorname","valueType":2,"dataType":"VARCHAR","displayName":"Distributor name","widget":"textfield","alias":"Distributor","placeHolder":"distributorname","fieldType":"isDynamic","entConfig":{"name":"Distributor","id":"FBF615DA-DCFE-40AC-B731-603E51A72C94","type":"M","alias":"distributor","initParentAlias":"distributor"},"fieldConfig":{"fieldName":"distributorname","name":"distributorname","initParentAlias":"distributor","alias":"distributor.distributorname","displayName":"Distributor name","fieldType":"java.lang.String","dataType":"VARCHAR","xtype":"textfield","fieldSize":"64","isPKey":false}}},{"relation":"AND"},{"_connIndex":"a12a9n6b-3339-41b5-b840-c3d7mc8da74d","_parentIndex":"isWhereRoot","left":{"name":"salesyear","value":"salesData.salesyear","valueType":1,"dataType":"INT","displayName":"Sales year","widget":"numberfield","alias":"SalesData","placeHolder":"salesyear","fieldType":"isReference","entConfig":{"name":"SalesData","id":"3F6A872C-7225-403B-BC19-7A2225C13341","type":"T","alias":"salesData","initParentAlias":"salesData"},"fieldConfig":{"fieldName":"salesyear","name":"salesyear","initParentAlias":"salesData","alias":"salesData.salesyear","displayName":"Sales year","fieldType":"java.lang.Integer","dataType":"INT","xtype":"numberfield","fieldSize":"10","isPKey":false}},"operator":"=","right":{"name":"salesyear","value":":salesyear","valueType":2,"dataType":"INT","displayName":"Sales year","widget":"numberfield","alias":"SalesData","placeHolder":"salesyear","fieldType":"isDynamic","entConfig":{"name":"SalesData","id":"3F6A872C-7225-403B-BC19-7A2225C13341","type":"T","alias":"salesData","initParentAlias":"salesData"},"fieldConfig":{"fieldName":"salesyear","name":"salesyear","initParentAlias":"salesData","alias":"salesData.salesyear","displayName":"Sales year","fieldType":"java.lang.Integer","dataType":"INT","xtype":"numberfield","fieldSize":"10","isPKey":false}}},{"relation":"AND"},{"_connIndex":"cmc5nanc-2d0b-43m4-162d-03cd2ca178c5","_parentIndex":"isWhereRoot","left":{"name":"monthname","value":"currentMonth.monthname","valueType":1,"dataType":"VARCHAR","displayName":"Month name","widget":"textfield","alias":"CurrentMonth","placeHolder":"monthname","fieldType":"isReference","entConfig":{"name":"CurrentMonth","id":"AB986971-C796-4720-BB06-CCCCDBDAD7C2","type":"M","alias":"currentMonth","initParentAlias":"currentMonth"},"fieldConfig":{"fieldName":"monthname","name":"monthname","initParentAlias":"currentMonth","alias":"currentMonth.monthname","displayName":"Month name","fieldType":"java.lang.String","dataType":"VARCHAR","xtype":"textfield","fieldSize":"64","isPKey":false}},"operator":"like","right":{"name":"monthname","value":":monthname","valueType":2,"dataType":"VARCHAR","displayName":"Month name","widget":"textfield","alias":"CurrentMonth","placeHolder":"monthname","fieldType":"isDynamic","entConfig":{"name":"CurrentMonth","id":"AB986971-C796-4720-BB06-CCCCDBDAD7C2","type":"M","alias":"currentMonth","initParentAlias":"currentMonth"},"fieldConfig":{"fieldName":"monthname","name":"monthname","initParentAlias":"currentMonth","alias":"currentMonth.monthname","displayName":"Month name","fieldType":"java.lang.String","dataType":"VARCHAR","xtype":"textfield","fieldSize":"64","isPKey":false}}}],"fields":[{"fieldName":"regionname","name":"regionname","initParentAlias":"salesRegion","alias":"salesRegion.regionname","displayName":"Region name","fieldType":"java.lang.String","dataType":"VARCHAR","xtype":"textfield","fieldSize":"64","isPKey":false},{"fieldName":"retailername","name":"retailername","initParentAlias":"retailer","alias":"retailer.retailername","displayName":"Retailer name","fieldType":"java.lang.String","dataType":"VARCHAR","xtype":"textfield","fieldSize":"256","isPKey":false},{"fieldName":"distributorname","name":"distributorname","initParentAlias":"distributor","alias":"distributor.distributorname","displayName":"Distributor name","fieldType":"java.lang.String","dataType":"VARCHAR","xtype":"textfield","fieldSize":"64","isPKey":false},{"fieldName":"longitude","name":"longitude","initParentAlias":"distributor","alias":"distributor.longitude","displayName":"Longitude","fieldType":"java.lang.Double","dataType":"DOUBLE","xtype":"numberfield","fieldSize":"10,2","isPKey":false},{"fieldName":"lattitude","name":"lattitude","initParentAlias":"distributor","alias":"distributor.lattitude","displayName":"Latitude","fieldType":"java.lang.Double","dataType":"DOUBLE","xtype":"numberfield","fieldSize":"10,2","isPKey":false},{"fieldName":"monthid","name":"monthid","initParentAlias":"currentMonth","alias":"currentMonth.monthid","displayName":"monthid","fieldType":"java.lang.Integer","dataType":"INT","xtype":"numberfield","fieldSize":"10","isPKey":true},{"fieldName":"monthname","name":"monthname","initParentAlias":"currentMonth","alias":"currentMonth.monthname","displayName":"Month name","fieldType":"java.lang.String","dataType":"VARCHAR","xtype":"textfield","fieldSize":"64","isPKey":false},{"fieldName":"autoid","name":"autoid","initParentAlias":"salesData","alias":"salesData.autoid","displayName":"auto id","fieldType":"java.lang.Integer","dataType":"INT","xtype":"numberfield","fieldSize":"10","isPKey":true},{"fieldName":"channelId","name":"channelId","initParentAlias":"salesData","alias":"salesData.channelId","displayName":"Channel","fieldType":"java.lang.String","dataType":"VARCHAR","xtype":"combo","fieldSize":"64","isPKey":false},{"fieldName":"salesdate","name":"salesdate","initParentAlias":"salesData","alias":"salesData.salesdate","displayName":"Sales date","fieldType":"java.sql.Date","dataType":"DATE","xtype":"datefield","fieldSize":"","isPKey":false},{"fieldName":"salesyear","name":"salesyear","initParentAlias":"salesData","alias":"salesData.salesyear","displayName":"Sales year","fieldType":"java.lang.Integer","dataType":"INT","xtype":"numberfield","fieldSize":"10","isPKey":false},{"fieldName":"salesinvoicenbr","name":"salesinvoicenbr","initParentAlias":"salesData","alias":"salesData.salesinvoicenbr","displayName":"Sales invoice nbr","fieldType":"java.lang.String","dataType":"VARCHAR","xtype":"textfield","fieldSize":"64","isPKey":false},{"fieldName":"materialdesc","name":"materialdesc","initParentAlias":"salesData","alias":"salesData.materialdesc","displayName":"Material desc","fieldType":"java.lang.String","dataType":"VARCHAR","xtype":"textfield","fieldSize":"64","isPKey":false},{"fieldName":"branddesc","name":"branddesc","initParentAlias":"salesData","alias":"salesData.branddesc","displayName":"Brand desc","fieldType":"java.lang.String","dataType":"VARCHAR","xtype":"textfield","fieldSize":"64","isPKey":false},{"fieldName":"salesqty","name":"salesqty","initParentAlias":"salesData","alias":"salesData.salesqty","displayName":"Sales qty","fieldType":"java.lang.Double","dataType":"DOUBLE","xtype":"numberfield","fieldSize":"10,2","isPKey":false},{"fieldName":"netsalesamt","name":"netsalesamt","initParentAlias":"salesData","alias":"salesData.netsalesamt","displayName":"Net sales amt","fieldType":"java.lang.Double","dataType":"DOUBLE","xtype":"numberfield","fieldSize":"10,2","isPKey":false},{"fieldName":"grosssalesamt","name":"grosssalesamt","initParentAlias":"salesData","alias":"salesData.grosssalesamt","displayName":"Gross sales amt","fieldType":"java.lang.Double","dataType":"DOUBLE","xtype":"numberfield","fieldSize":"10,2","isPKey":false},{"fieldName":"materialcode","name":"materialcode","initParentAlias":"salesData","alias":"salesData.materialcode","displayName":"Material code","fieldType":"java.lang.String","dataType":"VARCHAR","xtype":"combo","fieldSize":"64","isPKey":false},{"fieldName":"brandcode","name":"brandcode","initParentAlias":"salesData","alias":"salesData.brandcode","displayName":"Brand code","fieldType":"java.lang.String","dataType":"VARCHAR","xtype":"combo","fieldSize":"64","isPKey":false},{"fieldName":"category","name":"category","initParentAlias":"salesData","alias":"salesData.category","displayName":"Category","fieldType":"java.lang.String","dataType":"VARCHAR","xtype":"combo","fieldSize":"64","isPKey":false},{"fieldName":"updatedDate","name":"updatedDate","initParentAlias":"salesData","alias":"salesData.entityAudit.updatedDate","displayName":"updatedDate","fieldType":"java.sql.Timestamp","dataType":"DATETIME","xtype":"datefield","fieldSize":"","isPKey":false}],"inputParams":[{"dataType":"VARCHAR","placeHolder":"regionname","alias":"salesRegion.regionname","fieldType":"java.lang.String"},{"dataType":"VARCHAR","placeHolder":"retailername","alias":"retailer.retailername","fieldType":"java.lang.String"},{"dataType":"VARCHAR","placeHolder":"distributorname","alias":"distributor.distributorname","fieldType":"java.lang.String"},{"dataType":"INT","placeHolder":"salesyear","alias":"salesData.salesyear","fieldType":"java.lang.Integer"},{"dataType":"VARCHAR","placeHolder":"monthname","alias":"currentMonth.monthname","fieldType":"java.lang.String"}],"joinCondition":[]}#appfire#Dill Query#appfire#DILL QUERY#appfire#ba9dced8-453e-49a3-b627-d497a1f91b17#appfire#WD0JFHO6YIBEWUERIEJNDQ#appfire#1#appfire#0#appfire#2016-03-16 17:50:49.0#appfire#0#appfire#2016-03-16 17:50:49.0#appfire#0#appfire#1#appfire##appfire#0#appfire##appfirenewline#FA1FBDF0-8025-4ABF-BCD2-BCE18ABA3BD1#appfire#SELECT zenHealthStatus.healthId,zenHealthStatus.scheduledDateTime,zenHealthStatus.serverInstanceId,zenHealthStatus.serverIpAddress, FUNCTION('ROUND',100 - (zenHealthStatus.usedSpace/zenHealthStatus.totalSpace )* 100) AS freeSpace, FUNCTION('ROUND',(zenHealthStatus.usedSpace/zenHealthStatus.totalSpace )* 100 ) AS usedSpace, FUNCTION('ROUND',(zenHealthStatus.totalSpace/1024)/1024) AS totalSpace, zenHealthStatus.status FROM ZenHealthStatus AS zenHealthStatus ORDER BY zenHealthStatus.scheduledDateTime DESC#appfire#2#appfire#{"where":[],"fields":[{"fieldName":"healthId","name":"healthId","initParentAlias":"zenHealthStatus","alias":"zenHealthStatus.healthId","displayName":"healthId","fieldType":"java.lang.String","dataType":"VACHAR","xtype":"numberfield","fieldSize":"11","isPKey":true},{"fieldName":"scheduledDateTime","name":"scheduledDateTime","initParentAlias":"zenHealthStatus","alias":"zenHealthStatus.scheduledDateTime","displayName":"scheduledDateTime","fieldType":"java.sql.Timestamp","dataType":"DATETIME","xtype":"datefield","fieldSize":"","isPKey":false},{"fieldName":"serverInstanceId","name":"serverInstanceId","initParentAlias":"zenHealthStatus","alias":"zenHealthStatus.serverInstanceId","displayName":"serverInstanceId","fieldType":"java.lang.Integer","dataType":"INT","xtype":"textfield","fieldSize":"3","isPKey":false},{"fieldName":"serverIpAddress","name":"serverIpAddress","initParentAlias":"zenHealthStatus","alias":"zenHealthStatus.serverIpAddress","displayName":"serverIpAddress","fieldType":"java.lang.String","dataType":"VARCHAR","xtype":"textfield","fieldSize":"3","isPKey":false},{"fieldName":"freeSpace","name":"freeSpace","initParentAlias":"zenHealthStatus","alias":"zenHealthStatus.freeSpace","displayName":"free_Space","fieldType":"java.lang.Double","dataType":"DOUBLE","xtype":"numberfield","fieldSize":"","isPKey":false},{"fieldName":"usedSpace","name":"usedSpace","initParentAlias":"zenHealthStatus","alias":"zenHealthStatus.usedSpace","displayName":"usedSpace","fieldType":"java.lang.Double","dataType":"DOUBLE","xtype":"numberfield","fieldSize":"","isPKey":false},{"fieldName":"totalSpace","name":"totalSpace","initParentAlias":"zenHealthStatus","alias":"zenHealthStatus.totalSpace","displayName":"totalSpace","fieldType":"java.lang.Double","dataType":"DOUBLE","xtype":"numberfield","fieldSize":"","isPKey":false},{"fieldName":"status","name":"status","initParentAlias":"zenHealthStatus","alias":"zenHealthStatus.status","displayName":"status","fieldType":"java.lang.String","dataType":"VARCHAR","xtype":"textfield","fieldSize":"256","isPKey":false}],"inputParams":[]}#appfire#System Memory Usage#appfire#SYSTEM MEMORY USAGE#appfire#ba9dced8-453e-49a3-b627-d497a1f91b17#appfire#WD0JFHO6YIBEWUERIEJNDQ#appfire#1#appfire#0#appfire#2016-03-16 17:50:49.0#appfire#0#appfire#2016-03-16 17:50:49.0#appfire#0#appfire#1#appfire##appfire#0#appfire#